"ConfigurationId","TargetModule","RandomSeed","AlgorithmIterations","TotalTime","Coverage","Size","Length","FailingSize","FailingLength","CoverageTimeline_T1","CoverageTimeline_T2","CoverageTimeline_T3","CoverageTimeline_T4","CoverageTimeline_T5","CoverageTimeline_T6","CoverageTimeline_T7","CoverageTimeline_T8","CoverageTimeline_T9","CoverageTimeline_T10","CoverageTimeline_T11","CoverageTimeline_T12","CoverageTimeline_T13","CoverageTimeline_T14","CoverageTimeline_T15","CoverageTimeline_T16","CoverageTimeline_T17","CoverageTimeline_T18","CoverageTimeline_T19","CoverageTimeline_T20","CoverageTimeline_T21","CoverageTimeline_T22","CoverageTimeline_T23","CoverageTimeline_T24","CoverageTimeline_T25","CoverageTimeline_T26","CoverageTimeline_T27","CoverageTimeline_T28","CoverageTimeline_T29","CoverageTimeline_T30","CoverageTimeline_T31","CoverageTimeline_T32","CoverageTimeline_T33","CoverageTimeline_T34","CoverageTimeline_T35","CoverageTimeline_T36","CoverageTimeline_T37","CoverageTimeline_T38","CoverageTimeline_T39","CoverageTimeline_T40","CoverageTimeline_T41","CoverageTimeline_T42","CoverageTimeline_T43","CoverageTimeline_T44","CoverageTimeline_T45","CoverageTimeline_T46","CoverageTimeline_T47","CoverageTimeline_T48","CoverageTimeline_T49","CoverageTimeline_T50","CoverageTimeline_T51","CoverageTimeline_T52","CoverageTimeline_T53","CoverageTimeline_T54","CoverageTimeline_T55","CoverageTimeline_T56","CoverageTimeline_T57","CoverageTimeline_T58","CoverageTimeline_T59","CoverageTimeline_T60","CoverageTimeline_T61","CoverageTimeline_T62","CoverageTimeline_T63","CoverageTimeline_T64","CoverageTimeline_T65","CoverageTimeline_T66","CoverageTimeline_T67","CoverageTimeline_T68","CoverageTimeline_T69","CoverageTimeline_T70","CoverageTimeline_T71","CoverageTimeline_T72","CoverageTimeline_T73","CoverageTimeline_T74","CoverageTimeline_T75","CoverageTimeline_T76","CoverageTimeline_T77","CoverageTimeline_T78","CoverageTimeline_T79","CoverageTimeline_T80","CoverageTimeline_T81","CoverageTimeline_T82","CoverageTimeline_T83","CoverageTimeline_T84","CoverageTimeline_T85","CoverageTimeline_T86","CoverageTimeline_T87","CoverageTimeline_T88","CoverageTimeline_T89","CoverageTimeline_T90","CoverageTimeline_T91","CoverageTimeline_T92","CoverageTimeline_T93","CoverageTimeline_T94","CoverageTimeline_T95","CoverageTimeline_T96","CoverageTimeline_T97","CoverageTimeline_T98","CoverageTimeline_T99","CoverageTimeline_T100","CoverageTimeline_T101","CoverageTimeline_T102","CoverageTimeline_T103","CoverageTimeline_T104","CoverageTimeline_T105","CoverageTimeline_T106","CoverageTimeline_T107","CoverageTimeline_T108","CoverageTimeline_T109","CoverageTimeline_T110","CoverageTimeline_T111","CoverageTimeline_T112","CoverageTimeline_T113","CoverageTimeline_T114","CoverageTimeline_T115","CoverageTimeline_T116","CoverageTimeline_T117","CoverageTimeline_T118","CoverageTimeline_T119","CoverageTimeline_T120","PassingSize","PassingLength"
"Baseline","docstring_parser.styles","1615773800326796432","0","10047355791","1.0","8","8","8","8","1.0","1.0","1.0","1.0","1.0","1.0","1.0","1.0","1.0","1.0","1.0","1.0","1.0","1.0","1.0","1.0","1.0","1.0","1.0","1.0","1.0","1.0","1.0","1.0","1.0","1.0","1.0","1.0","1.0","1.0","1.0","1.0","1.0","1.0","1.0","1.0","1.0","1.0","1.0","1.0","1.0","1.0","1.0","1.0","1.0","1.0","1.0","1.0","1.0","1.0","1.0","1.0","1.0","1.0","1.0","1.0","1.0","1.0","1.0","1.0","1.0","1.0","1.0","1.0","1.0","1.0","1.0","1.0","1.0","1.0","1.0","1.0","1.0","1.0","1.0","1.0","1.0","1.0","1.0","1.0","1.0","1.0","1.0","1.0","1.0","1.0","1.0","1.0","1.0","1.0","1.0","1.0","1.0","1.0","1.0","1.0","1.0","1.0","1.0","1.0","1.0","1.0","1.0","1.0","1.0","1.0","1.0","1.0","1.0","1.0","1.0","1.0","1.0","1.0","1.0","1.0","1.0","1.0","1.0","1.0","0","0"
"Initial","docstring_parser.common","1615774139219516103","169","122614919311","0.3888888888888889","7","124","0","0","0.3888888888888889","0.3888888888888889","0.3888888888888889","0.3888888888888889","0.3888888888888889","0.3888888888888889","0.3888888888888889","0.3888888888888889","0.3888888888888889","0.3888888888888889","0.3888888888888889","0.3888888888888889","0.3888888888888889","0.3888888888888889","0.3888888888888889","0.3888888888888889","0.3888888888888889","0.3888888888888889","0.3888888888888889","0.3888888888888889","0.3888888888888889","0.3888888888888889","0.3888888888888889","0.3888888888888889","0.3888888888888889","0.3888888888888889","0.3888888888888889","0.3888888888888889","0.3888888888888889","0.3888888888888889","0.3888888888888889","0.3888888888888889","0.3888888888888889","0.3888888888888889","0.3888888888888889","0.3888888888888889","0.3888888888888889","0.3888888888888889","0.3888888888888889","0.3888888888888889","0.3888888888888889","0.3888888888888889","0.3888888888888889","0.3888888888888889","0.3888888888888889","0.3888888888888889","0.3888888888888889","0.3888888888888889","0.3888888888888889","0.3888888888888889","0.3888888888888889","0.3888888888888889","0.3888888888888889","0.3888888888888889","0.3888888888888889","0.3888888888888889","0.3888888888888889","0.3888888888888889","0.3888888888888889","0.3888888888888889","0.3888888888888889","0.3888888888888889","0.3888888888888889","0.3888888888888889","0.3888888888888889","0.3888888888888889","0.3888888888888889","0.3888888888888889","0.3888888888888889","0.3888888888888889","0.3888888888888889","0.3888888888888889","0.3888888888888889","0.3888888888888889","0.3888888888888889","0.3888888888888889","0.3888888888888889","0.3888888888888889","0.3888888888888889","0.3888888888888889","0.3888888888888889","0.3888888888888889","0.3888888888888889","0.3888888888888889","0.3888888888888889","0.3888888888888889","0.3888888888888889","0.3888888888888889","0.3888888888888889","0.3888888888888889","0.3888888888888889","0.3888888888888889","0.3888888888888889","0.3888888888888889","0.3888888888888889","0.3888888888888889","0.3888888888888889","0.3888888888888889","0.3888888888888889","0.3888888888888889","0.3888888888888889","0.3888888888888889","0.3888888888888889","0.3888888888888889","0.3888888888888889","0.3888888888888889","0.3888888888888889","0.3888888888888889","0.3888888888888889","0.3888888888888889","0.3888888888888889","0.3888888888888889","0.3888888888888889","0.3888888888888889","0.3888888888888889","0.3888888888888889","0.3888888888888889","0.3888888888888889","0.3888888888888889","0.3888888888888889","7","124"
"Baseline","docstring_parser.rest","1615773794501854387","117","122402606135","0.5111111111111111","9","196","3","54","0.4666666666666667","0.4666666666666667","0.4666666666666667","0.4666666666666667","0.4666666666666667","0.4666666666666667","0.4666666666666667","0.4666666666666667","0.4666666666666667","0.4666666666666667","0.4666666666666667","0.474738279046399","0.5111111111111111","0.5111111111111111","0.5111111111111111","0.5111111111111111","0.5111111111111111","0.5111111111111111","0.5111111111111111","0.5111111111111111","0.5111111111111111","0.5111111111111111","0.5111111111111111","0.5111111111111111","0.5111111111111111","0.5111111111111111","0.5111111111111111","0.5111111111111111","0.5111111111111111","0.5111111111111111","0.5111111111111111","0.5111111111111111","0.5111111111111111","0.5111111111111111","0.5111111111111111","0.5111111111111111","0.5111111111111111","0.5111111111111111","0.5111111111111111","0.5111111111111111","0.5111111111111111","0.5111111111111111","0.5111111111111111","0.5111111111111111","0.5111111111111111","0.5111111111111111","0.5111111111111111","0.5111111111111111","0.5111111111111111","0.5111111111111111","0.5111111111111111","0.5111111111111111","0.5111111111111111","0.5111111111111111","0.5111111111111111","0.5111111111111111","0.5111111111111111","0.5111111111111111","0.5111111111111111","0.5111111111111111","0.5111111111111111","0.5111111111111111","0.5111111111111111","0.5111111111111111","0.5111111111111111","0.5111111111111111","0.5111111111111111","0.5111111111111111","0.5111111111111111","0.5111111111111111","0.5111111111111111","0.5111111111111111","0.5111111111111111","0.5111111111111111","0.5111111111111111","0.5111111111111111","0.5111111111111111","0.5111111111111111","0.5111111111111111","0.5111111111111111","0.5111111111111111","0.5111111111111111","0.5111111111111111","0.5111111111111111","0.5111111111111111","0.5111111111111111","0.5111111111111111","0.5111111111111111","0.5111111111111111","0.5111111111111111","0.5111111111111111","0.5111111111111111","0.5111111111111111","0.5111111111111111","0.5111111111111111","0.5111111111111111","0.5111111111111111","0.5111111111111111","0.5111111111111111","0.5111111111111111","0.5111111111111111","0.5111111111111111","0.5111111111111111","0.5111111111111111","0.5111111111111111","0.5111111111111111","0.5111111111111111","0.5111111111111111","0.5111111111111111","0.5111111111111111","0.5111111111111111","0.5111111111111111","0.5111111111111111","0.5111111111111111","0.5111111111111111","0.5111111111111111","0.5111111111111111","0.5111111111111111","0.5111111111111111","0.5111111111111111","6","142"
"All","docstring_parser.google","1615774219197964517","201","121651608019","0.3977272727272727","9","46","9","46","0.26136363636363635","0.26136363636363635","0.26136363636363635","0.26136363636363635","0.26136363636363635","0.25","0.2727272727272727","0.2727272727272727","0.2840909090909091","0.2840909090909091","0.2840909090909091","0.2840909090909091","0.2840909090909091","0.2930620236908204","0.29545454545454547","0.3027412841880799","0.38636363636363635","0.38636363636363635","0.38636363636363635","0.38636363636363635","0.38636363636363635","0.38636363636363635","0.38636363636363635","0.38636363636363635","0.38636363636363635","0.38636363636363635","0.38636363636363635","0.38636363636363635","0.3977272727272727","0.3977272727272727","0.3977272727272727","0.3977272727272727","0.3977272727272727","0.3977272727272727","0.3977272727272727","0.3977272727272727","0.3977272727272727","0.3977272727272727","0.3977272727272727","0.3977272727272727","0.3977272727272727","0.3977272727272727","0.3977272727272727","0.3977272727272727","0.3977272727272727","0.3977272727272727","0.3977272727272727","0.3977272727272727","0.3977272727272727","0.3977272727272727","0.3977272727272727","0.3977272727272727","0.3977272727272727","0.3977272727272727","0.3977272727272727","0.3977272727272727","0.3977272727272727","0.3977272727272727","0.3977272727272727","0.3977272727272727","0.3977272727272727","0.3977272727272727","0.3977272727272727","0.3977272727272727","0.3977272727272727","0.3977272727272727","0.3977272727272727","0.3977272727272727","0.3977272727272727","0.3977272727272727","0.3977272727272727","0.3977272727272727","0.3977272727272727","0.3977272727272727","0.3977272727272727","0.3977272727272727","0.3977272727272727","0.3977272727272727","0.3977272727272727","0.3977272727272727","0.3977272727272727","0.3977272727272727","0.3977272727272727","0.3977272727272727","0.3977272727272727","0.3977272727272727","0.3977272727272727","0.3977272727272727","0.3977272727272727","0.3977272727272727","0.3977272727272727","0.3977272727272727","0.3977272727272727","0.3977272727272727","0.3977272727272727","0.3977272727272727","0.3977272727272727","0.3977272727272727","0.3977272727272727","0.3977272727272727","0.3977272727272727","0.3977272727272727","0.3977272727272727","0.3977272727272727","0.3977272727272727","0.3977272727272727","0.3977272727272727","0.3977272727272727","0.3977272727272727","0.3977272727272727","0.3977272727272727","0.3977272727272727","0.3977272727272727","0.3977272727272727","0.3977272727272727","0.3977272727272727","0.3977272727272727","0.3977272727272727","0.3977272727272727","0.3977272727272727","0","0"
"Static","docstring_parser.numpydoc","1615773862516985951","138","122534350277","0.6923076923076923","13","206","10","163","0.5384615384615384","0.5384615384615384","0.5384615384615384","0.5384615384615384","0.5384615384615384","0.5384615384615384","0.5384615384615384","0.5384615384615384","0.5897435897435898","0.5897435897435898","0.5936740293989473","0.6025641025641025","0.6147894674191767","0.6153846153846154","0.6153846153846154","0.6153846153846154","0.6153846153846154","0.6153846153846154","0.6153846153846154","0.6153846153846154","0.6538461538461539","0.6538461538461539","0.6538461538461539","0.6538461538461539","0.6538461538461539","0.6538461538461539","0.6538461538461539","0.6538461538461539","0.6538461538461539","0.6538461538461539","0.6538461538461539","0.6538461538461539","0.6538461538461539","0.6538461538461539","0.6598164391106172","0.6666666666666666","0.6666666666666666","0.6666666666666666","0.6666666666666666","0.6666666666666666","0.6666666666666666","0.6666666666666666","0.6666666666666666","0.6666666666666666","0.6666666666666666","0.6666666666666666","0.6666666666666666","0.6666666666666666","0.6666666666666666","0.6761642432087219","0.6794871794871795","0.6794871794871795","0.6794871794871795","0.6794871794871795","0.6794871794871795","0.6794871794871795","0.6794871794871795","0.6794871794871795","0.6794871794871795","0.6794871794871795","0.6794871794871795","0.6794871794871795","0.6794871794871795","0.6794871794871795","0.6794871794871795","0.6794871794871795","0.6794871794871795","0.6794871794871795","0.6794871794871795","0.6794871794871795","0.6794871794871795","0.6794871794871795","0.6794871794871795","0.6794871794871795","0.6794871794871795","0.6794871794871795","0.6794871794871795","0.6794871794871795","0.6794871794871795","0.6794871794871795","0.6794871794871795","0.6794871794871795","0.6794871794871795","0.6794871794871795","0.6794871794871795","0.6794871794871795","0.6794871794871795","0.6794871794871795","0.6794871794871795","0.6794871794871795","0.6794871794871795","0.6794871794871795","0.6794871794871795","0.6794871794871795","0.6794871794871795","0.6794871794871795","0.6794871794871795","0.6794871794871795","0.6794871794871795","0.6794871794871795","0.6794871794871795","0.6794871794871795","0.6794871794871795","0.6794871794871795","0.6794871794871795","0.6794871794871795","0.6794871794871795","0.6794871794871795","0.6794871794871795","0.6794871794871795","0.6794871794871795","0.6794871794871795","0.6794871794871795","0.689241917571166","0.6923076923076923","0.6923076923076923","0.6923076923076923","0.6923076923076923","0.6923076923076923","0.6923076923076923","3","43"
"Static","docstring_parser.parser","1615773867194436345","377","121096749504","0.2727272727272727","5","12","5","12","0.2727272727272727","0.2727272727272727","0.2727272727272727","0.2727272727272727","0.2727272727272727","0.2727272727272727","0.2727272727272727","0.2727272727272727","0.2727272727272727","0.2727272727272727","0.2727272727272727","0.2727272727272727","0.2727272727272727","0.2727272727272727","0.2727272727272727","0.2727272727272727","0.2727272727272727","0.2727272727272727","0.2727272727272727","0.2727272727272727","0.2727272727272727","0.2727272727272727","0.2727272727272727","0.2727272727272727","0.2727272727272727","0.2727272727272727","0.2727272727272727","0.2727272727272727","0.2727272727272727","0.2727272727272727","0.2727272727272727","0.2727272727272727","0.2727272727272727","0.2727272727272727","0.2727272727272727","0.2727272727272727","0.2727272727272727","0.2727272727272727","0.2727272727272727","0.2727272727272727","0.2727272727272727","0.2727272727272727","0.2727272727272727","0.2727272727272727","0.2727272727272727","0.2727272727272727","0.2727272727272727","0.2727272727272727","0.2727272727272727","0.2727272727272727","0.2727272727272727","0.2727272727272727","0.2727272727272727","0.2727272727272727","0.2727272727272727","0.2727272727272727","0.2727272727272727","0.2727272727272727","0.2727272727272727","0.2727272727272727","0.2727272727272727","0.2727272727272727","0.2727272727272727","0.2727272727272727","0.2727272727272727","0.2727272727272727","0.2727272727272727","0.2727272727272727","0.2727272727272727","0.2727272727272727","0.2727272727272727","0.2727272727272727","0.2727272727272727","0.2727272727272727","0.2727272727272727","0.2727272727272727","0.2727272727272727","0.2727272727272727","0.2727272727272727","0.2727272727272727","0.2727272727272727","0.2727272727272727","0.2727272727272727","0.2727272727272727","0.2727272727272727","0.2727272727272727","0.2727272727272727","0.2727272727272727","0.2727272727272727","0.2727272727272727","0.2727272727272727","0.2727272727272727","0.2727272727272727","0.2727272727272727","0.2727272727272727","0.2727272727272727","0.2727272727272727","0.2727272727272727","0.2727272727272727","0.2727272727272727","0.2727272727272727","0.2727272727272727","0.2727272727272727","0.2727272727272727","0.2727272727272727","0.2727272727272727","0.2727272727272727","0.2727272727272727","0.2727272727272727","0.2727272727272727","0.2727272727272727","0.2727272727272727","0.2727272727272727","0.2727272727272727","0.2727272727272727","0.2727272727272727","0.2727272727272727","0.2727272727272727","0.2727272727272727","0.2727272727272727","0","0"
"Static_and_Dynamic","docstring_parser.google","1615774013059062841","195","121979459718","0.3181818181818182","10","63","10","63","0.26136363636363635","0.26136363636363635","0.26136363636363635","0.26136363636363635","0.26136363636363635","0.2633942339602373","0.2644639956440832","0.27761329130997947","0.29545454545454547","0.29416442301452533","0.28452291808314906","0.29545454545454547","0.29545454545454547","0.29545454545454547","0.29545454545454547","0.29545454545454547","0.29545454545454547","0.3068181818181818","0.3068181818181818","0.3068181818181818","0.3068181818181818","0.3068181818181818","0.3068181818181818","0.3068181818181818","0.3068181818181818","0.3068181818181818","0.3068181818181818","0.3068181818181818","0.3068181818181818","0.3068181818181818","0.3068181818181818","0.3068181818181818","0.3068181818181818","0.3068181818181818","0.3068181818181818","0.3068181818181818","0.3068181818181818","0.3068181818181818","0.3068181818181818","0.3068181818181818","0.3068181818181818","0.3068181818181818","0.3068181818181818","0.3068181818181818","0.3068181818181818","0.3068181818181818","0.3068181818181818","0.3068181818181818","0.3068181818181818","0.3068181818181818","0.3068181818181818","0.3068181818181818","0.3068181818181818","0.3068181818181818","0.3068181818181818","0.3068181818181818","0.3068181818181818","0.3068181818181818","0.3068181818181818","0.3068181818181818","0.3068181818181818","0.3068181818181818","0.3068181818181818","0.3068181818181818","0.3068181818181818","0.3068181818181818","0.3068181818181818","0.3068181818181818","0.3068181818181818","0.3068181818181818","0.3068181818181818","0.3068181818181818","0.3068181818181818","0.3068181818181818","0.3068181818181818","0.3068181818181818","0.3068181818181818","0.3068181818181818","0.3068181818181818","0.3068181818181818","0.3068181818181818","0.3068181818181818","0.3068181818181818","0.3068181818181818","0.3068181818181818","0.3068181818181818","0.3068181818181818","0.3068181818181818","0.3068181818181818","0.3068181818181818","0.3068181818181818","0.3068181818181818","0.3068181818181818","0.31810069966945775","0.3181818181818182","0.3181818181818182","0.3181818181818182","0.3181818181818182","0.3181818181818182","0.3181818181818182","0.3181818181818182","0.3181818181818182","0.3181818181818182","0.3181818181818182","0.3181818181818182","0.3181818181818182","0.3181818181818182","0.3181818181818182","0.3181818181818182","0.3181818181818182","0.3181818181818182","0.3181818181818182","0.3181818181818182","0.3181818181818182","0.3181818181818182","0.3181818181818182","0.3181818181818182","0.3181818181818182","0.3181818181818182","0.3181818181818182","0","0"
"Static_and_Dynamic","docstring_parser.common","1615774013057508489","179","122040113364","0.3888888888888889","5","93","0","0","0.3888888888888889","0.3888888888888889","0.3888888888888889","0.3888888888888889","0.3888888888888889","0.3888888888888889","0.3888888888888889","0.3888888888888889","0.3888888888888889","0.3888888888888889","0.3888888888888889","0.3888888888888889","0.3888888888888889","0.3888888888888889","0.3888888888888889","0.3888888888888889","0.3888888888888889","0.3888888888888889","0.3888888888888889","0.3888888888888889","0.3888888888888889","0.3888888888888889","0.3888888888888889","0.3888888888888889","0.3888888888888889","0.3888888888888889","0.3888888888888889","0.3888888888888889","0.3888888888888889","0.3888888888888889","0.3888888888888889","0.3888888888888889","0.3888888888888889","0.3888888888888889","0.3888888888888889","0.3888888888888889","0.3888888888888889","0.3888888888888889","0.3888888888888889","0.3888888888888889","0.3888888888888889","0.3888888888888889","0.3888888888888889","0.3888888888888889","0.3888888888888889","0.3888888888888889","0.3888888888888889","0.3888888888888889","0.3888888888888889","0.3888888888888889","0.3888888888888889","0.3888888888888889","0.3888888888888889","0.3888888888888889","0.3888888888888889","0.3888888888888889","0.3888888888888889","0.3888888888888889","0.3888888888888889","0.3888888888888889","0.3888888888888889","0.3888888888888889","0.3888888888888889","0.3888888888888889","0.3888888888888889","0.3888888888888889","0.3888888888888889","0.3888888888888889","0.3888888888888889","0.3888888888888889","0.3888888888888889","0.3888888888888889","0.3888888888888889","0.3888888888888889","0.3888888888888889","0.3888888888888889","0.3888888888888889","0.3888888888888889","0.3888888888888889","0.3888888888888889","0.3888888888888889","0.3888888888888889","0.3888888888888889","0.3888888888888889","0.3888888888888889","0.3888888888888889","0.3888888888888889","0.3888888888888889","0.3888888888888889","0.3888888888888889","0.3888888888888889","0.3888888888888889","0.3888888888888889","0.3888888888888889","0.3888888888888889","0.3888888888888889","0.3888888888888889","0.3888888888888889","0.3888888888888889","0.3888888888888889","0.3888888888888889","0.3888888888888889","0.3888888888888889","0.3888888888888889","0.3888888888888889","0.3888888888888889","0.3888888888888889","0.3888888888888889","0.3888888888888889","0.3888888888888889","0.3888888888888889","0.3888888888888889","0.3888888888888889","0.3888888888888889","0.3888888888888889","0.3888888888888889","0.3888888888888889","0.3888888888888889","0.3888888888888889","0.3888888888888889","5","93"
"Initial","docstring_parser.numpydoc","1615774129793041622","143","122847719654","0.6923076923076923","11","175","9","114","0.47435897435897434","0.47435897435897434","0.47435897435897434","0.47435897435897434","0.47435897435897434","0.47435897435897434","0.47435897435897434","0.5512820512820513","0.5590973610501169","0.5515374945881538","0.5769230769230769","0.5675974084486727","0.5769230769230769","0.5769230769230769","0.6055699031284167","0.6282051282051282","0.6282051282051282","0.6538461538461539","0.6538461538461539","0.6538461538461539","0.6538461538461539","0.656137191137631","0.6666666666666666","0.6666666666666666","0.6666666666666666","0.6666666666666666","0.6666666666666666","0.6666666666666666","0.6666666666666666","0.6666666666666666","0.6666666666666666","0.6666666666666666","0.6666666666666666","0.6666666666666666","0.6666666666666666","0.6666666666666666","0.6666666666666666","0.6666666666666666","0.6678246886943016","0.6794871794871795","0.6794871794871795","0.6794871794871795","0.6794871794871795","0.6794871794871795","0.6794871794871795","0.6794871794871795","0.6794871794871795","0.6794871794871795","0.6794871794871795","0.6794871794871795","0.6794871794871795","0.6794871794871795","0.6794871794871795","0.6794871794871795","0.6794871794871795","0.6794871794871795","0.6794871794871795","0.6794871794871795","0.6794871794871795","0.6794871794871795","0.6794871794871795","0.6794871794871795","0.6794871794871795","0.6794871794871795","0.6794871794871795","0.6794871794871795","0.6794871794871795","0.6794871794871795","0.6794871794871795","0.6794871794871795","0.6794871794871795","0.6923076923076923","0.6923076923076923","0.6923076923076923","0.6923076923076923","0.6923076923076923","0.6923076923076923","0.6923076923076923","0.6923076923076923","0.6923076923076923","0.6923076923076923","0.6923076923076923","0.6923076923076923","0.6923076923076923","0.6923076923076923","0.6923076923076923","0.6923076923076923","0.6923076923076923","0.6923076923076923","0.6923076923076923","0.6923076923076923","0.6923076923076923","0.6923076923076923","0.6923076923076923","0.6923076923076923","0.6923076923076923","0.6923076923076923","0.6923076923076923","0.6923076923076923","0.6923076923076923","0.6923076923076923","0.6923076923076923","0.6923076923076923","0.6923076923076923","0.6923076923076923","0.6923076923076923","0.6923076923076923","0.6923076923076923","0.6923076923076923","0.6923076923076923","0.6923076923076923","0.6923076923076923","0.6923076923076923","0.6923076923076923","0.6923076923076923","0.6923076923076923","0.6923076923076923","0.6923076923076923","0.6923076923076923","0.6923076923076923","2","61"
"Initial","docstring_parser.styles","1615774129261656476","0","9873167688","1.0","9","9","9","9","1.0","1.0","1.0","1.0","1.0","1.0","1.0","1.0","1.0","1.0","1.0","1.0","1.0","1.0","1.0","1.0","1.0","1.0","1.0","1.0","1.0","1.0","1.0","1.0","1.0","1.0","1.0","1.0","1.0","1.0","1.0","1.0","1.0","1.0","1.0","1.0","1.0","1.0","1.0","1.0","1.0","1.0","1.0","1.0","1.0","1.0","1.0","1.0","1.0","1.0","1.0","1.0","1.0","1.0","1.0","1.0","1.0","1.0","1.0","1.0","1.0","1.0","1.0","1.0","1.0","1.0","1.0","1.0","1.0","1.0","1.0","1.0","1.0","1.0","1.0","1.0","1.0","1.0","1.0","1.0","1.0","1.0","1.0","1.0","1.0","1.0","1.0","1.0","1.0","1.0","1.0","1.0","1.0","1.0","1.0","1.0","1.0","1.0","1.0","1.0","1.0","1.0","1.0","1.0","1.0","1.0","1.0","1.0","1.0","1.0","1.0","1.0","1.0","1.0","1.0","1.0","1.0","1.0","1.0","1.0","0","0"
"Baseline","docstring_parser.google","1615773800271853395","210","122434543644","0.3068181818181818","7","38","7","38","0.26136363636363635","0.26136363636363635","0.26136363636363635","0.26136363636363635","0.26136363636363635","0.26346325414992416","0.2727272727272727","0.28088838611331063","0.2840909090909091","0.2840909090909091","0.289390247701572","0.29545454545454547","0.29545454545454547","0.29545454545454547","0.29545454545454547","0.29545454545454547","0.29545454545454547","0.29545454545454547","0.29545454545454547","0.29545454545454547","0.29545454545454547","0.29545454545454547","0.29545454545454547","0.29545454545454547","0.29545454545454547","0.29545454545454547","0.29545454545454547","0.29545454545454547","0.29545454545454547","0.29545454545454547","0.29545454545454547","0.29545454545454547","0.29545454545454547","0.29545454545454547","0.29545454545454547","0.29545454545454547","0.29545454545454547","0.29545454545454547","0.29545454545454547","0.29545454545454547","0.29545454545454547","0.29545454545454547","0.29545454545454547","0.29545454545454547","0.29545454545454547","0.29545454545454547","0.29545454545454547","0.29545454545454547","0.29545454545454547","0.29545454545454547","0.29545454545454547","0.29545454545454547","0.29545454545454547","0.29545454545454547","0.29545454545454547","0.29545454545454547","0.29545454545454547","0.29613140892315115","0.3068181818181818","0.3068181818181818","0.3068181818181818","0.3068181818181818","0.3068181818181818","0.3068181818181818","0.3068181818181818","0.3068181818181818","0.3068181818181818","0.3068181818181818","0.3068181818181818","0.3068181818181818","0.3068181818181818","0.3068181818181818","0.3068181818181818","0.3068181818181818","0.3068181818181818","0.3068181818181818","0.3068181818181818","0.3068181818181818","0.3068181818181818","0.3068181818181818","0.3068181818181818","0.3068181818181818","0.3068181818181818","0.3068181818181818","0.3068181818181818","0.3068181818181818","0.3068181818181818","0.3068181818181818","0.3068181818181818","0.3068181818181818","0.3068181818181818","0.3068181818181818","0.3068181818181818","0.3068181818181818","0.3068181818181818","0.3068181818181818","0.3068181818181818","0.3068181818181818","0.3068181818181818","0.3068181818181818","0.3068181818181818","0.3068181818181818","0.3068181818181818","0.3068181818181818","0.3068181818181818","0.3068181818181818","0.3068181818181818","0.3068181818181818","0.3068181818181818","0.3068181818181818","0.3068181818181818","0.3068181818181818","0.3068181818181818","0.3068181818181818","0.3068181818181818","0.3068181818181818","0.3068181818181818","0.3068181818181818","0.3068181818181818","0.3068181818181818","0","0"
"Baseline","docstring_parser.numpydoc","1615773800276620594","147","122520434917","0.6282051282051282","15","175","11","130","0.4358974358974359","0.4358974358974359","0.4358974358974359","0.4358974358974359","0.4358974358974359","0.4358974358974359","0.4358974358974359","0.4358974358974359","0.4358974358974359","0.4358974358974359","0.48717948717948717","0.48717948717948717","0.48717948717948717","0.48717948717948717","0.48717948717948717","0.48717948717948717","0.48717948717948717","0.48717948717948717","0.48717948717948717","0.48717948717948717","0.48717948717948717","0.48717948717948717","0.48717948717948717","0.48717948717948717","0.48717948717948717","0.48717948717948717","0.48717948717948717","0.48717948717948717","0.48717948717948717","0.48717948717948717","0.48717948717948717","0.48717948717948717","0.48717948717948717","0.48717948717948717","0.48717948717948717","0.48717948717948717","0.48717948717948717","0.48717948717948717","0.48717948717948717","0.48717948717948717","0.48717948717948717","0.48717948717948717","0.48717948717948717","0.48717948717948717","0.48717948717948717","0.48717948717948717","0.5004983366189537","0.5384615384615384","0.5384615384615384","0.5384615384615384","0.5384615384615384","0.5384615384615384","0.5384615384615384","0.5384615384615384","0.5384615384615384","0.5384615384615384","0.5384615384615384","0.5384615384615384","0.5425414407444085","0.5512820512820513","0.5637132447603094","0.5600297245192594","0.5512820512820513","0.5617789266701229","0.5641025641025641","0.5648512527196361","0.5769230769230769","0.5769230769230769","0.5769230769230769","0.5804375594208989","0.5897435897435898","0.5897435897435898","0.6013059890941497","0.6152804518709543","0.6153846153846154","0.6153846153846154","0.6153846153846154","0.6153846153846154","0.6153846153846154","0.6153846153846154","0.6153846153846154","0.6153846153846154","0.6153846153846154","0.6212444230179275","0.6282051282051282","0.6282051282051282","0.6282051282051282","0.6282051282051282","0.6282051282051282","0.6282051282051282","0.6282051282051282","0.6282051282051282","0.6282051282051282","0.6282051282051282","0.6282051282051282","0.6282051282051282","0.6282051282051282","0.6282051282051282","0.6282051282051282","0.6282051282051282","0.6282051282051282","0.6282051282051282","0.6282051282051282","0.6282051282051282","0.6282051282051282","0.6282051282051282","0.6282051282051282","0.6282051282051282","0.6282051282051282","0.6282051282051282","0.6282051282051282","0.6282051282051282","0.6282051282051282","0.6282051282051282","0.6282051282051282","0.6282051282051282","0.6282051282051282","0.6282051282051282","0.6282051282051282","0.6282051282051282","4","45"
"Initial","docstring_parser.google","1615774127725744101","286","122207409859","0.3068181818181818","8","35","7","27","0.2727272727272727","0.2727272727272727","0.2727272727272727","0.2727272727272727","0.2727272727272727","0.2727272727272727","0.2727272727272727","0.2727272727272727","0.27358354298465515","0.2840909090909091","0.29534101088911957","0.2840909090909091","0.29545454545454547","0.29545454545454547","0.29545454545454547","0.29545454545454547","0.29545454545454547","0.29545454545454547","0.29545454545454547","0.29545454545454547","0.29545454545454547","0.29545454545454547","0.29545454545454547","0.29545454545454547","0.29545454545454547","0.29545454545454547","0.29545454545454547","0.29545454545454547","0.29545454545454547","0.29545454545454547","0.29545454545454547","0.29545454545454547","0.29545454545454547","0.29545454545454547","0.29545454545454547","0.29545454545454547","0.29545454545454547","0.29545454545454547","0.29545454545454547","0.29545454545454547","0.29545454545454547","0.29545454545454547","0.29545454545454547","0.29545454545454547","0.29545454545454547","0.29545454545454547","0.29545454545454547","0.29545454545454547","0.29545454545454547","0.29545454545454547","0.29545454545454547","0.29545454545454547","0.29545454545454547","0.29545454545454547","0.29545454545454547","0.29545454545454547","0.29545454545454547","0.29545454545454547","0.29545454545454547","0.29545454545454547","0.29545454545454547","0.29545454545454547","0.29545454545454547","0.29545454545454547","0.29545454545454547","0.29545454545454547","0.29545454545454547","0.29545454545454547","0.29545454545454547","0.29545454545454547","0.29545454545454547","0.29545454545454547","0.3068181818181818","0.3068181818181818","0.3068181818181818","0.3068181818181818","0.3068181818181818","0.3068181818181818","0.3068181818181818","0.3068181818181818","0.3068181818181818","0.3068181818181818","0.3068181818181818","0.3068181818181818","0.3068181818181818","0.3068181818181818","0.3068181818181818","0.3068181818181818","0.3068181818181818","0.3068181818181818","0.3068181818181818","0.3068181818181818","0.3068181818181818","0.3068181818181818","0.3068181818181818","0.3068181818181818","0.3068181818181818","0.3068181818181818","0.3068181818181818","0.3068181818181818","0.3068181818181818","0.3068181818181818","0.3068181818181818","0.3068181818181818","0.3068181818181818","0.3068181818181818","0.3068181818181818","0.3068181818181818","0.3068181818181818","0.3068181818181818","0.3068181818181818","0.3068181818181818","0.3068181818181818","0.3068181818181818","0.3068181818181818","0.3068181818181818","0.3068181818181818","0.3068181818181818","0.3068181818181818","0.3068181818181818","1","8"
"Static_and_Dynamic","docstring_parser.parser","1615773993840011436","252","121041803115","0.2727272727272727","5","11","5","11","0.2727272727272727","0.2727272727272727","0.2727272727272727","0.2727272727272727","0.2727272727272727","0.2727272727272727","0.2727272727272727","0.2727272727272727","0.2727272727272727","0.2727272727272727","0.2727272727272727","0.2727272727272727","0.2727272727272727","0.2727272727272727","0.2727272727272727","0.2727272727272727","0.2727272727272727","0.2727272727272727","0.2727272727272727","0.2727272727272727","0.2727272727272727","0.2727272727272727","0.2727272727272727","0.2727272727272727","0.2727272727272727","0.2727272727272727","0.2727272727272727","0.2727272727272727","0.2727272727272727","0.2727272727272727","0.2727272727272727","0.2727272727272727","0.2727272727272727","0.2727272727272727","0.2727272727272727","0.2727272727272727","0.2727272727272727","0.2727272727272727","0.2727272727272727","0.2727272727272727","0.2727272727272727","0.2727272727272727","0.2727272727272727","0.2727272727272727","0.2727272727272727","0.2727272727272727","0.2727272727272727","0.2727272727272727","0.2727272727272727","0.2727272727272727","0.2727272727272727","0.2727272727272727","0.2727272727272727","0.2727272727272727","0.2727272727272727","0.2727272727272727","0.2727272727272727","0.2727272727272727","0.2727272727272727","0.2727272727272727","0.2727272727272727","0.2727272727272727","0.2727272727272727","0.2727272727272727","0.2727272727272727","0.2727272727272727","0.2727272727272727","0.2727272727272727","0.2727272727272727","0.2727272727272727","0.2727272727272727","0.2727272727272727","0.2727272727272727","0.2727272727272727","0.2727272727272727","0.2727272727272727","0.2727272727272727","0.2727272727272727","0.2727272727272727","0.2727272727272727","0.2727272727272727","0.2727272727272727","0.2727272727272727","0.2727272727272727","0.2727272727272727","0.2727272727272727","0.2727272727272727","0.2727272727272727","0.2727272727272727","0.2727272727272727","0.2727272727272727","0.2727272727272727","0.2727272727272727","0.2727272727272727","0.2727272727272727","0.2727272727272727","0.2727272727272727","0.2727272727272727","0.2727272727272727","0.2727272727272727","0.2727272727272727","0.2727272727272727","0.2727272727272727","0.2727272727272727","0.2727272727272727","0.2727272727272727","0.2727272727272727","0.2727272727272727","0.2727272727272727","0.2727272727272727","0.2727272727272727","0.2727272727272727","0.2727272727272727","0.2727272727272727","0.2727272727272727","0.2727272727272727","0.2727272727272727","0.2727272727272727","0.2727272727272727","0.2727272727272727","0","0"
"Static_and_Dynamic","docstring_parser.rest","1615773993454758511","113","122294163345","0.6888888888888889","11","207","3","38","0.6","0.6","0.6","0.6","0.6","0.6","0.6","0.6141720632919129","0.6222222222222222","0.6222222222222222","0.6222222222222222","0.6222222222222222","0.6222222222222222","0.6222222222222222","0.6222222222222222","0.6222222222222222","0.6222222222222222","0.6222222222222222","0.6222222222222222","0.6222222222222222","0.6222222222222222","0.6222222222222222","0.6222222222222222","0.6222222222222222","0.6222222222222222","0.6222222222222222","0.6222222222222222","0.6222222222222222","0.6222222222222222","0.6222222222222222","0.6222222222222222","0.6222222222222222","0.6222222222222222","0.650972014610378","0.6666666666666666","0.6666666666666666","0.6666666666666666","0.6666666666666666","0.6666666666666666","0.6666666666666666","0.6666666666666666","0.6666666666666666","0.6666666666666666","0.6666666666666666","0.6666666666666666","0.6666666666666666","0.6666666666666666","0.6666666666666666","0.6666666666666666","0.6666666666666666","0.6666666666666666","0.6666666666666666","0.6666666666666666","0.6666666666666666","0.6666666666666666","0.6666666666666666","0.6666666666666666","0.6666666666666666","0.6666666666666666","0.6666666666666666","0.6666666666666666","0.6666666666666666","0.6666666666666666","0.6666666666666666","0.6666666666666666","0.6666666666666666","0.6666666666666666","0.6666666666666666","0.6666666666666666","0.6666666666666666","0.6666666666666666","0.6666666666666666","0.6666666666666666","0.6666666666666666","0.6666666666666666","0.6666666666666666","0.6666666666666666","0.6666666666666666","0.6666666666666666","0.6666666666666666","0.6666666666666666","0.6666666666666666","0.6666666666666666","0.6666666666666666","0.6666666666666666","0.6666666666666666","0.6666666666666666","0.6666666666666666","0.6666666666666666","0.6666666666666666","0.6666666666666666","0.6666666666666666","0.6666666666666666","0.6666666666666666","0.6666666666666666","0.6666666666666666","0.6666666666666666","0.6666666666666666","0.6666666666666666","0.6666666666666666","0.6666666666666666","0.6666666666666666","0.6666666666666666","0.6666666666666666","0.6666666666666666","0.6666666666666666","0.6666666666666666","0.6666666666666666","0.6666666666666666","0.6666666666666666","0.6666666666666666","0.6666666666666666","0.6666666666666666","0.6666666666666666","0.6666666666666666","0.6666666666666666","0.6682135436214002","0.6884857853760844","0.6888888888888889","0.6888888888888889","8","169"
"Static","docstring_parser.rest","1615773869687737701","142","121736160286","0.6666666666666666","8","163","2","13","0.6222222222222222","0.6222222222222222","0.6222222222222222","0.6222222222222222","0.6222222222222222","0.6222222222222222","0.6222222222222222","0.6222222222222222","0.6666666666666666","0.6666666666666666","0.6666666666666666","0.6666666666666666","0.6666666666666666","0.6666666666666666","0.6666666666666666","0.6666666666666666","0.6666666666666666","0.6666666666666666","0.6666666666666666","0.6666666666666666","0.6666666666666666","0.6666666666666666","0.6666666666666666","0.6666666666666666","0.6666666666666666","0.6666666666666666","0.6666666666666666","0.6666666666666666","0.6666666666666666","0.6666666666666666","0.6666666666666666","0.6666666666666666","0.6666666666666666","0.6666666666666666","0.6666666666666666","0.6666666666666666","0.6666666666666666","0.6666666666666666","0.6666666666666666","0.6666666666666666","0.6666666666666666","0.6666666666666666","0.6666666666666666","0.6666666666666666","0.6666666666666666","0.6666666666666666","0.6666666666666666","0.6666666666666666","0.6666666666666666","0.6666666666666666","0.6666666666666666","0.6666666666666666","0.6666666666666666","0.6666666666666666","0.6666666666666666","0.6666666666666666","0.6666666666666666","0.6666666666666666","0.6666666666666666","0.6666666666666666","0.6666666666666666","0.6666666666666666","0.6666666666666666","0.6666666666666666","0.6666666666666666","0.6666666666666666","0.6666666666666666","0.6666666666666666","0.6666666666666666","0.6666666666666666","0.6666666666666666","0.6666666666666666","0.6666666666666666","0.6666666666666666","0.6666666666666666","0.6666666666666666","0.6666666666666666","0.6666666666666666","0.6666666666666666","0.6666666666666666","0.6666666666666666","0.6666666666666666","0.6666666666666666","0.6666666666666666","0.6666666666666666","0.6666666666666666","0.6666666666666666","0.6666666666666666","0.6666666666666666","0.6666666666666666","0.6666666666666666","0.6666666666666666","0.6666666666666666","0.6666666666666666","0.6666666666666666","0.6666666666666666","0.6666666666666666","0.6666666666666666","0.6666666666666666","0.6666666666666666","0.6666666666666666","0.6666666666666666","0.6666666666666666","0.6666666666666666","0.6666666666666666","0.6666666666666666","0.6666666666666666","0.6666666666666666","0.6666666666666666","0.6666666666666666","0.6666666666666666","0.6666666666666666","0.6666666666666666","0.6666666666666666","0.6666666666666666","0.6666666666666666","0.6666666666666666","0.6666666666666666","0.6666666666666666","0.6666666666666666","6","150"
"Static","docstring_parser.google","1615773867757185373","198","121802214532","0.3068181818181818","11","43","11","43","0.2727272727272727","0.2727272727272727","0.2727272727272727","0.2727272727272727","0.2727272727272727","0.27842387104939637","0.2840909090909091","0.2840909090909091","0.29014138758622615","0.2840909090909091","0.2840909090909091","0.29545454545454547","0.29545454545454547","0.29545454545454547","0.29545454545454547","0.29545454545454547","0.29545454545454547","0.29545454545454547","0.29545454545454547","0.29545454545454547","0.29545454545454547","0.29545454545454547","0.29545454545454547","0.29545454545454547","0.29545454545454547","0.29545454545454547","0.29545454545454547","0.29545454545454547","0.29823392743845556","0.3068181818181818","0.3068181818181818","0.3068181818181818","0.3068181818181818","0.3068181818181818","0.3068181818181818","0.3068181818181818","0.3068181818181818","0.3068181818181818","0.3068181818181818","0.3068181818181818","0.3068181818181818","0.3068181818181818","0.3068181818181818","0.3068181818181818","0.3068181818181818","0.3068181818181818","0.3068181818181818","0.3068181818181818","0.3068181818181818","0.3068181818181818","0.3068181818181818","0.3068181818181818","0.3068181818181818","0.3068181818181818","0.3068181818181818","0.3068181818181818","0.3068181818181818","0.3068181818181818","0.3068181818181818","0.3068181818181818","0.3068181818181818","0.3068181818181818","0.3068181818181818","0.3068181818181818","0.3068181818181818","0.3068181818181818","0.3068181818181818","0.3068181818181818","0.3068181818181818","0.3068181818181818","0.3068181818181818","0.3068181818181818","0.3068181818181818","0.3068181818181818","0.3068181818181818","0.3068181818181818","0.3068181818181818","0.3068181818181818","0.3068181818181818","0.3068181818181818","0.3068181818181818","0.3068181818181818","0.3068181818181818","0.3068181818181818","0.3068181818181818","0.3068181818181818","0.3068181818181818","0.3068181818181818","0.3068181818181818","0.3068181818181818","0.3068181818181818","0.3068181818181818","0.3068181818181818","0.3068181818181818","0.3068181818181818","0.3068181818181818","0.3068181818181818","0.3068181818181818","0.3068181818181818","0.3068181818181818","0.3068181818181818","0.3068181818181818","0.3068181818181818","0.3068181818181818","0.3068181818181818","0.3068181818181818","0.3068181818181818","0.3068181818181818","0.3068181818181818","0.3068181818181818","0.3068181818181818","0.3068181818181818","0.3068181818181818","0.3068181818181818","0.3068181818181818","0.3068181818181818","0.3068181818181818","0.3068181818181818","0.3068181818181818","0.3068181818181818","0","0"
"All","docstring_parser.rest","1615774230102958860","139","122826957923","0.6888888888888889","10","219","2","50","0.6222222222222222","0.6222222222222222","0.6222222222222222","0.6222222222222222","0.6222222222222222","0.6222222222222222","0.6222222222222222","0.6222222222222222","0.6222222222222222","0.6222222222222222","0.6222222222222222","0.6222222222222222","0.6444444444444445","0.6444444444444445","0.6444444444444445","0.6444444444444445","0.6444444444444445","0.6444444444444445","0.6444444444444445","0.6444444444444445","0.6444444444444445","0.6444444444444445","0.6444444444444445","0.6444444444444445","0.6444444444444445","0.6444444444444445","0.6444444444444445","0.6444444444444445","0.6444444444444445","0.6444444444444445","0.6444444444444445","0.6444444444444445","0.6444444444444445","0.6444444444444445","0.6444444444444445","0.6888888888888889","0.6888888888888889","0.6888888888888889","0.6888888888888889","0.6888888888888889","0.6888888888888889","0.6888888888888889","0.6888888888888889","0.6888888888888889","0.6888888888888889","0.6888888888888889","0.6888888888888889","0.6888888888888889","0.6888888888888889","0.6888888888888889","0.6888888888888889","0.6888888888888889","0.6888888888888889","0.6888888888888889","0.6888888888888889","0.6888888888888889","0.6888888888888889","0.6888888888888889","0.6888888888888889","0.6888888888888889","0.6888888888888889","0.6888888888888889","0.6888888888888889","0.6888888888888889","0.6888888888888889","0.6888888888888889","0.6888888888888889","0.6888888888888889","0.6888888888888889","0.6888888888888889","0.6888888888888889","0.6888888888888889","0.6888888888888889","0.6888888888888889","0.6888888888888889","0.6888888888888889","0.6888888888888889","0.6888888888888889","0.6888888888888889","0.6888888888888889","0.6888888888888889","0.6888888888888889","0.6888888888888889","0.6888888888888889","0.6888888888888889","0.6888888888888889","0.6888888888888889","0.6888888888888889","0.6888888888888889","0.6888888888888889","0.6888888888888889","0.6888888888888889","0.6888888888888889","0.6888888888888889","0.6888888888888889","0.6888888888888889","0.6888888888888889","0.6888888888888889","0.6888888888888889","0.6888888888888889","0.6888888888888889","0.6888888888888889","0.6888888888888889","0.6888888888888889","0.6888888888888889","0.6888888888888889","0.6888888888888889","0.6888888888888889","0.6888888888888889","0.6888888888888889","0.6888888888888889","0.6888888888888889","0.6888888888888889","0.6888888888888889","0.6888888888888889","0.6888888888888889","0.6888888888888889","0.6888888888888889","0.6888888888888889","0.6888888888888889","8","169"
"Initial","docstring_parser.rest","1615774109953865390","156","121941876666","0.5111111111111111","10","156","3","46","0.5111111111111111","0.5111111111111111","0.5111111111111111","0.5111111111111111","0.5111111111111111","0.5111111111111111","0.5111111111111111","0.5111111111111111","0.5111111111111111","0.5111111111111111","0.5111111111111111","0.5111111111111111","0.5111111111111111","0.5111111111111111","0.5111111111111111","0.5111111111111111","0.5111111111111111","0.5111111111111111","0.5111111111111111","0.5111111111111111","0.5111111111111111","0.5111111111111111","0.5111111111111111","0.5111111111111111","0.5111111111111111","0.5111111111111111","0.5111111111111111","0.5111111111111111","0.5111111111111111","0.5111111111111111","0.5111111111111111","0.5111111111111111","0.5111111111111111","0.5111111111111111","0.5111111111111111","0.5111111111111111","0.5111111111111111","0.5111111111111111","0.5111111111111111","0.5111111111111111","0.5111111111111111","0.5111111111111111","0.5111111111111111","0.5111111111111111","0.5111111111111111","0.5111111111111111","0.5111111111111111","0.5111111111111111","0.5111111111111111","0.5111111111111111","0.5111111111111111","0.5111111111111111","0.5111111111111111","0.5111111111111111","0.5111111111111111","0.5111111111111111","0.5111111111111111","0.5111111111111111","0.5111111111111111","0.5111111111111111","0.5111111111111111","0.5111111111111111","0.5111111111111111","0.5111111111111111","0.5111111111111111","0.5111111111111111","0.5111111111111111","0.5111111111111111","0.5111111111111111","0.5111111111111111","0.5111111111111111","0.5111111111111111","0.5111111111111111","0.5111111111111111","0.5111111111111111","0.5111111111111111","0.5111111111111111","0.5111111111111111","0.5111111111111111","0.5111111111111111","0.5111111111111111","0.5111111111111111","0.5111111111111111","0.5111111111111111","0.5111111111111111","0.5111111111111111","0.5111111111111111","0.5111111111111111","0.5111111111111111","0.5111111111111111","0.5111111111111111","0.5111111111111111","0.5111111111111111","0.5111111111111111","0.5111111111111111","0.5111111111111111","0.5111111111111111","0.5111111111111111","0.5111111111111111","0.5111111111111111","0.5111111111111111","0.5111111111111111","0.5111111111111111","0.5111111111111111","0.5111111111111111","0.5111111111111111","0.5111111111111111","0.5111111111111111","0.5111111111111111","0.5111111111111111","0.5111111111111111","0.5111111111111111","0.5111111111111111","0.5111111111111111","0.5111111111111111","0.5111111111111111","0.5111111111111111","0.5111111111111111","0.5111111111111111","0.5111111111111111","7","110"
"Static_and_Dynamic","docstring_parser.styles","1615773989988391340","0","6186310814","1.0","2","2","2","2","1.0","1.0","1.0","1.0","1.0","1.0","1.0","1.0","1.0","1.0","1.0","1.0","1.0","1.0","1.0","1.0","1.0","1.0","1.0","1.0","1.0","1.0","1.0","1.0","1.0","1.0","1.0","1.0","1.0","1.0","1.0","1.0","1.0","1.0","1.0","1.0","1.0","1.0","1.0","1.0","1.0","1.0","1.0","1.0","1.0","1.0","1.0","1.0","1.0","1.0","1.0","1.0","1.0","1.0","1.0","1.0","1.0","1.0","1.0","1.0","1.0","1.0","1.0","1.0","1.0","1.0","1.0","1.0","1.0","1.0","1.0","1.0","1.0","1.0","1.0","1.0","1.0","1.0","1.0","1.0","1.0","1.0","1.0","1.0","1.0","1.0","1.0","1.0","1.0","1.0","1.0","1.0","1.0","1.0","1.0","1.0","1.0","1.0","1.0","1.0","1.0","1.0","1.0","1.0","1.0","1.0","1.0","1.0","1.0","1.0","1.0","1.0","1.0","1.0","1.0","1.0","1.0","1.0","1.0","1.0","0","0"
"Static","docstring_parser.common","1615773867561718816","111","122014565976","0.3888888888888889","10","256","0","0","0.3888888888888889","0.3888888888888889","0.3888888888888889","0.3888888888888889","0.3888888888888889","0.3888888888888889","0.3888888888888889","0.3888888888888889","0.3888888888888889","0.3888888888888889","0.3888888888888889","0.3888888888888889","0.3888888888888889","0.3888888888888889","0.3888888888888889","0.3888888888888889","0.3888888888888889","0.3888888888888889","0.3888888888888889","0.3888888888888889","0.3888888888888889","0.3888888888888889","0.3888888888888889","0.3888888888888889","0.3888888888888889","0.3888888888888889","0.3888888888888889","0.3888888888888889","0.3888888888888889","0.3888888888888889","0.3888888888888889","0.3888888888888889","0.3888888888888889","0.3888888888888889","0.3888888888888889","0.3888888888888889","0.3888888888888889","0.3888888888888889","0.3888888888888889","0.3888888888888889","0.3888888888888889","0.3888888888888889","0.3888888888888889","0.3888888888888889","0.3888888888888889","0.3888888888888889","0.3888888888888889","0.3888888888888889","0.3888888888888889","0.3888888888888889","0.3888888888888889","0.3888888888888889","0.3888888888888889","0.3888888888888889","0.3888888888888889","0.3888888888888889","0.3888888888888889","0.3888888888888889","0.3888888888888889","0.3888888888888889","0.3888888888888889","0.3888888888888889","0.3888888888888889","0.3888888888888889","0.3888888888888889","0.3888888888888889","0.3888888888888889","0.3888888888888889","0.3888888888888889","0.3888888888888889","0.3888888888888889","0.3888888888888889","0.3888888888888889","0.3888888888888889","0.3888888888888889","0.3888888888888889","0.3888888888888889","0.3888888888888889","0.3888888888888889","0.3888888888888889","0.3888888888888889","0.3888888888888889","0.3888888888888889","0.3888888888888889","0.3888888888888889","0.3888888888888889","0.3888888888888889","0.3888888888888889","0.3888888888888889","0.3888888888888889","0.3888888888888889","0.3888888888888889","0.3888888888888889","0.3888888888888889","0.3888888888888889","0.3888888888888889","0.3888888888888889","0.3888888888888889","0.3888888888888889","0.3888888888888889","0.3888888888888889","0.3888888888888889","0.3888888888888889","0.3888888888888889","0.3888888888888889","0.3888888888888889","0.3888888888888889","0.3888888888888889","0.3888888888888889","0.3888888888888889","0.3888888888888889","0.3888888888888889","0.3888888888888889","0.3888888888888889","0.3888888888888889","0.3888888888888889","0.3888888888888889","0.3888888888888889","0.3888888888888889","0.3888888888888889","10","256"
"All","docstring_parser.common","1615774238149707855","147","122434144989","0.3888888888888889","8","164","0","0","0.3888888888888889","0.3888888888888889","0.3888888888888889","0.3888888888888889","0.3888888888888889","0.3888888888888889","0.3888888888888889","0.3888888888888889","0.3888888888888889","0.3888888888888889","0.3888888888888889","0.3888888888888889","0.3888888888888889","0.3888888888888889","0.3888888888888889","0.3888888888888889","0.3888888888888889","0.3888888888888889","0.3888888888888889","0.3888888888888889","0.3888888888888889","0.3888888888888889","0.3888888888888889","0.3888888888888889","0.3888888888888889","0.3888888888888889","0.3888888888888889","0.3888888888888889","0.3888888888888889","0.3888888888888889","0.3888888888888889","0.3888888888888889","0.3888888888888889","0.3888888888888889","0.3888888888888889","0.3888888888888889","0.3888888888888889","0.3888888888888889","0.3888888888888889","0.3888888888888889","0.3888888888888889","0.3888888888888889","0.3888888888888889","0.3888888888888889","0.3888888888888889","0.3888888888888889","0.3888888888888889","0.3888888888888889","0.3888888888888889","0.3888888888888889","0.3888888888888889","0.3888888888888889","0.3888888888888889","0.3888888888888889","0.3888888888888889","0.3888888888888889","0.3888888888888889","0.3888888888888889","0.3888888888888889","0.3888888888888889","0.3888888888888889","0.3888888888888889","0.3888888888888889","0.3888888888888889","0.3888888888888889","0.3888888888888889","0.3888888888888889","0.3888888888888889","0.3888888888888889","0.3888888888888889","0.3888888888888889","0.3888888888888889","0.3888888888888889","0.3888888888888889","0.3888888888888889","0.3888888888888889","0.3888888888888889","0.3888888888888889","0.3888888888888889","0.3888888888888889","0.3888888888888889","0.3888888888888889","0.3888888888888889","0.3888888888888889","0.3888888888888889","0.3888888888888889","0.3888888888888889","0.3888888888888889","0.3888888888888889","0.3888888888888889","0.3888888888888889","0.3888888888888889","0.3888888888888889","0.3888888888888889","0.3888888888888889","0.3888888888888889","0.3888888888888889","0.3888888888888889","0.3888888888888889","0.3888888888888889","0.3888888888888889","0.3888888888888889","0.3888888888888889","0.3888888888888889","0.3888888888888889","0.3888888888888889","0.3888888888888889","0.3888888888888889","0.3888888888888889","0.3888888888888889","0.3888888888888889","0.3888888888888889","0.3888888888888889","0.3888888888888889","0.3888888888888889","0.3888888888888889","0.3888888888888889","0.3888888888888889","0.3888888888888889","0.3888888888888889","8","164"
"All","docstring_parser.parser","1615774227402364195","242","121111643682","0.2727272727272727","7","17","7","17","0.2727272727272727","0.2727272727272727","0.2727272727272727","0.2727272727272727","0.2727272727272727","0.2727272727272727","0.2727272727272727","0.2727272727272727","0.2727272727272727","0.2727272727272727","0.2727272727272727","0.2727272727272727","0.2727272727272727","0.2727272727272727","0.2727272727272727","0.2727272727272727","0.2727272727272727","0.2727272727272727","0.2727272727272727","0.2727272727272727","0.2727272727272727","0.2727272727272727","0.2727272727272727","0.2727272727272727","0.2727272727272727","0.2727272727272727","0.2727272727272727","0.2727272727272727","0.2727272727272727","0.2727272727272727","0.2727272727272727","0.2727272727272727","0.2727272727272727","0.2727272727272727","0.2727272727272727","0.2727272727272727","0.2727272727272727","0.2727272727272727","0.2727272727272727","0.2727272727272727","0.2727272727272727","0.2727272727272727","0.2727272727272727","0.2727272727272727","0.2727272727272727","0.2727272727272727","0.2727272727272727","0.2727272727272727","0.2727272727272727","0.2727272727272727","0.2727272727272727","0.2727272727272727","0.2727272727272727","0.2727272727272727","0.2727272727272727","0.2727272727272727","0.2727272727272727","0.2727272727272727","0.2727272727272727","0.2727272727272727","0.2727272727272727","0.2727272727272727","0.2727272727272727","0.2727272727272727","0.2727272727272727","0.2727272727272727","0.2727272727272727","0.2727272727272727","0.2727272727272727","0.2727272727272727","0.2727272727272727","0.2727272727272727","0.2727272727272727","0.2727272727272727","0.2727272727272727","0.2727272727272727","0.2727272727272727","0.2727272727272727","0.2727272727272727","0.2727272727272727","0.2727272727272727","0.2727272727272727","0.2727272727272727","0.2727272727272727","0.2727272727272727","0.2727272727272727","0.2727272727272727","0.2727272727272727","0.2727272727272727","0.2727272727272727","0.2727272727272727","0.2727272727272727","0.2727272727272727","0.2727272727272727","0.2727272727272727","0.2727272727272727","0.2727272727272727","0.2727272727272727","0.2727272727272727","0.2727272727272727","0.2727272727272727","0.2727272727272727","0.2727272727272727","0.2727272727272727","0.2727272727272727","0.2727272727272727","0.2727272727272727","0.2727272727272727","0.2727272727272727","0.2727272727272727","0.2727272727272727","0.2727272727272727","0.2727272727272727","0.2727272727272727","0.2727272727272727","0.2727272727272727","0.2727272727272727","0.2727272727272727","0.2727272727272727","0.2727272727272727","0","0"
"All","docstring_parser.numpydoc","1615774220047609905","140","121659382700","0.6923076923076923","12","181","9","131","0.5128205128205128","0.5128205128205128","0.5128205128205128","0.5128205128205128","0.5128205128205128","0.5128205128205128","0.5384615384615384","0.5384615384615384","0.5384615384615384","0.5476412389753338","0.549028377393523","0.5512820512820513","0.5512820512820513","0.5640545561777541","0.5641025641025641","0.5641025641025641","0.5641025641025641","0.5641025641025641","0.5740906879140781","0.5769230769230769","0.5769230769230769","0.5769230769230769","0.5769230769230769","0.5769230769230769","0.5769230769230769","0.5769230769230769","0.5769230769230769","0.5769230769230769","0.5769230769230769","0.5769230769230769","0.5769230769230769","0.5769230769230769","0.5769230769230769","0.5769230769230769","0.5769230769230769","0.5769230769230769","0.5769230769230769","0.5769230769230769","0.5897435897435898","0.5897435897435898","0.5897435897435898","0.5897435897435898","0.5897435897435898","0.5897435897435898","0.5897435897435898","0.5897435897435898","0.5897435897435898","0.5897435897435898","0.5897435897435898","0.5897435897435898","0.5897435897435898","0.5897435897435898","0.5897435897435898","0.5897435897435898","0.5897435897435898","0.5897435897435898","0.5897435897435898","0.5897435897435898","0.5897435897435898","0.6109675044615375","0.6282051282051282","0.6282051282051282","0.6282051282051282","0.6282051282051282","0.6282051282051282","0.6282051282051282","0.6282051282051282","0.6282051282051282","0.6282051282051282","0.6282051282051282","0.6282051282051282","0.6282051282051282","0.6282051282051282","0.6282051282051282","0.6282051282051282","0.6282051282051282","0.6282051282051282","0.6282051282051282","0.6282051282051282","0.6282051282051282","0.6282051282051282","0.6282051282051282","0.6282051282051282","0.6282051282051282","0.6282051282051282","0.6282051282051282","0.6282051282051282","0.6282051282051282","0.6282051282051282","0.6282051282051282","0.6282051282051282","0.6282051282051282","0.6282051282051282","0.6282051282051282","0.6282051282051282","0.6282051282051282","0.6282051282051282","0.6282051282051282","0.6282051282051282","0.6282051282051282","0.6282051282051282","0.6282051282051282","0.6282051282051282","0.6325881060523556","0.6410256410256411","0.6410256410256411","0.6410256410256411","0.6410256410256411","0.6410256410256411","0.6410256410256411","0.6410256410256411","0.6410256410256411","0.6410256410256411","0.6410256410256411","0.6410256410256411","0.6410256410256411","0.6410256410256411","0.6807035816871003","0.6923076923076923","0.6923076923076923","3","50"
"All","docstring_parser.styles","1615774240988109993","0","7273172387","1.0","5","5","5","5","1.0","1.0","1.0","1.0","1.0","1.0","1.0","1.0","1.0","1.0","1.0","1.0","1.0","1.0","1.0","1.0","1.0","1.0","1.0","1.0","1.0","1.0","1.0","1.0","1.0","1.0","1.0","1.0","1.0","1.0","1.0","1.0","1.0","1.0","1.0","1.0","1.0","1.0","1.0","1.0","1.0","1.0","1.0","1.0","1.0","1.0","1.0","1.0","1.0","1.0","1.0","1.0","1.0","1.0","1.0","1.0","1.0","1.0","1.0","1.0","1.0","1.0","1.0","1.0","1.0","1.0","1.0","1.0","1.0","1.0","1.0","1.0","1.0","1.0","1.0","1.0","1.0","1.0","1.0","1.0","1.0","1.0","1.0","1.0","1.0","1.0","1.0","1.0","1.0","1.0","1.0","1.0","1.0","1.0","1.0","1.0","1.0","1.0","1.0","1.0","1.0","1.0","1.0","1.0","1.0","1.0","1.0","1.0","1.0","1.0","1.0","1.0","1.0","1.0","1.0","1.0","1.0","1.0","1.0","1.0","0","0"
"Static","docstring_parser.styles","1615773867558643056","0","7467818627","1.0","6","6","6","6","1.0","1.0","1.0","1.0","1.0","1.0","1.0","1.0","1.0","1.0","1.0","1.0","1.0","1.0","1.0","1.0","1.0","1.0","1.0","1.0","1.0","1.0","1.0","1.0","1.0","1.0","1.0","1.0","1.0","1.0","1.0","1.0","1.0","1.0","1.0","1.0","1.0","1.0","1.0","1.0","1.0","1.0","1.0","1.0","1.0","1.0","1.0","1.0","1.0","1.0","1.0","1.0","1.0","1.0","1.0","1.0","1.0","1.0","1.0","1.0","1.0","1.0","1.0","1.0","1.0","1.0","1.0","1.0","1.0","1.0","1.0","1.0","1.0","1.0","1.0","1.0","1.0","1.0","1.0","1.0","1.0","1.0","1.0","1.0","1.0","1.0","1.0","1.0","1.0","1.0","1.0","1.0","1.0","1.0","1.0","1.0","1.0","1.0","1.0","1.0","1.0","1.0","1.0","1.0","1.0","1.0","1.0","1.0","1.0","1.0","1.0","1.0","1.0","1.0","1.0","1.0","1.0","1.0","1.0","1.0","0","0"
"Static_and_Dynamic","docstring_parser.numpydoc","1615773992315651842","124","121914516565","0.6794871794871795","12","213","9","173","0.44871794871794873","0.44871794871794873","0.44871794871794873","0.44871794871794873","0.44871794871794873","0.47496201288884504","0.48717948717948717","0.48717948717948717","0.48717948717948717","0.48717948717948717","0.48717948717948717","0.48717948717948717","0.48717948717948717","0.48717948717948717","0.4879271420236402","0.5","0.5070308599770007","0.5373390503565828","0.5512820512820513","0.5512820512820513","0.5512820512820513","0.5512820512820513","0.5512820512820513","0.5512820512820513","0.5512820512820513","0.5542483089385337","0.5583945214158641","0.5512820512820513","0.5628470475703785","0.5641025641025641","0.5641025641025641","0.5641025641025641","0.5641025641025641","0.5641025641025641","0.5641025641025641","0.5641025641025641","0.5641025641025641","0.5641025641025641","0.5641025641025641","0.5641025641025641","0.5641025641025641","0.5641025641025641","0.579272005317321","0.5897435897435898","0.5897435897435898","0.5897435897435898","0.5897435897435898","0.5897435897435898","0.5897435897435898","0.5897435897435898","0.5897435897435898","0.5897435897435898","0.5897435897435898","0.5897435897435898","0.5897435897435898","0.5897435897435898","0.5897435897435898","0.6282051282051282","0.6282051282051282","0.6282051282051282","0.6282051282051282","0.6282051282051282","0.6282051282051282","0.6282051282051282","0.6282051282051282","0.6282051282051282","0.6282051282051282","0.6282051282051282","0.6282051282051282","0.6282051282051282","0.6282051282051282","0.6282051282051282","0.6282051282051282","0.6282051282051282","0.6282051282051282","0.6282051282051282","0.6282051282051282","0.6282051282051282","0.6282051282051282","0.6282051282051282","0.6282051282051282","0.6282051282051282","0.6282051282051282","0.6282051282051282","0.6282051282051282","0.6282051282051282","0.6282051282051282","0.6282051282051282","0.6282051282051282","0.6282051282051282","0.6282051282051282","0.6282051282051282","0.6282051282051282","0.6282051282051282","0.6282051282051282","0.6282051282051282","0.6282051282051282","0.6282051282051282","0.6282051282051282","0.6282051282051282","0.6282051282051282","0.6282051282051282","0.6282051282051282","0.6282051282051282","0.6747376423224276","0.6794871794871795","0.6794871794871795","0.6794871794871795","0.6794871794871795","0.6794871794871795","0.6794871794871795","0.6794871794871795","0.6794871794871795","0.6794871794871795","0.6794871794871795","0.6794871794871795","0.6794871794871795","0.6794871794871795","0.6794871794871795","0.6794871794871795","3","40"
"Initial","docstring_parser.parser","1615774112753860273","325","121579264993","0.2727272727272727","5","11","5","11","0.2727272727272727","0.2727272727272727","0.2727272727272727","0.2727272727272727","0.2727272727272727","0.2727272727272727","0.2727272727272727","0.2727272727272727","0.2727272727272727","0.2727272727272727","0.2727272727272727","0.2727272727272727","0.2727272727272727","0.2727272727272727","0.2727272727272727","0.2727272727272727","0.2727272727272727","0.2727272727272727","0.2727272727272727","0.2727272727272727","0.2727272727272727","0.2727272727272727","0.2727272727272727","0.2727272727272727","0.2727272727272727","0.2727272727272727","0.2727272727272727","0.2727272727272727","0.2727272727272727","0.2727272727272727","0.2727272727272727","0.2727272727272727","0.2727272727272727","0.2727272727272727","0.2727272727272727","0.2727272727272727","0.2727272727272727","0.2727272727272727","0.2727272727272727","0.2727272727272727","0.2727272727272727","0.2727272727272727","0.2727272727272727","0.2727272727272727","0.2727272727272727","0.2727272727272727","0.2727272727272727","0.2727272727272727","0.2727272727272727","0.2727272727272727","0.2727272727272727","0.2727272727272727","0.2727272727272727","0.2727272727272727","0.2727272727272727","0.2727272727272727","0.2727272727272727","0.2727272727272727","0.2727272727272727","0.2727272727272727","0.2727272727272727","0.2727272727272727","0.2727272727272727","0.2727272727272727","0.2727272727272727","0.2727272727272727","0.2727272727272727","0.2727272727272727","0.2727272727272727","0.2727272727272727","0.2727272727272727","0.2727272727272727","0.2727272727272727","0.2727272727272727","0.2727272727272727","0.2727272727272727","0.2727272727272727","0.2727272727272727","0.2727272727272727","0.2727272727272727","0.2727272727272727","0.2727272727272727","0.2727272727272727","0.2727272727272727","0.2727272727272727","0.2727272727272727","0.2727272727272727","0.2727272727272727","0.2727272727272727","0.2727272727272727","0.2727272727272727","0.2727272727272727","0.2727272727272727","0.2727272727272727","0.2727272727272727","0.2727272727272727","0.2727272727272727","0.2727272727272727","0.2727272727272727","0.2727272727272727","0.2727272727272727","0.2727272727272727","0.2727272727272727","0.2727272727272727","0.2727272727272727","0.2727272727272727","0.2727272727272727","0.2727272727272727","0.2727272727272727","0.2727272727272727","0.2727272727272727","0.2727272727272727","0.2727272727272727","0.2727272727272727","0.2727272727272727","0.2727272727272727","0.2727272727272727","0.2727272727272727","0.2727272727272727","0.2727272727272727","0","0"
"Baseline","docstring_parser.parser","1615773799070783442","452","121225574908","0.2727272727272727","2","5","2","5","0.2727272727272727","0.2727272727272727","0.2727272727272727","0.2727272727272727","0.2727272727272727","0.2727272727272727","0.2727272727272727","0.2727272727272727","0.2727272727272727","0.2727272727272727","0.2727272727272727","0.2727272727272727","0.2727272727272727","0.2727272727272727","0.2727272727272727","0.2727272727272727","0.2727272727272727","0.2727272727272727","0.2727272727272727","0.2727272727272727","0.2727272727272727","0.2727272727272727","0.2727272727272727","0.2727272727272727","0.2727272727272727","0.2727272727272727","0.2727272727272727","0.2727272727272727","0.2727272727272727","0.2727272727272727","0.2727272727272727","0.2727272727272727","0.2727272727272727","0.2727272727272727","0.2727272727272727","0.2727272727272727","0.2727272727272727","0.2727272727272727","0.2727272727272727","0.2727272727272727","0.2727272727272727","0.2727272727272727","0.2727272727272727","0.2727272727272727","0.2727272727272727","0.2727272727272727","0.2727272727272727","0.2727272727272727","0.2727272727272727","0.2727272727272727","0.2727272727272727","0.2727272727272727","0.2727272727272727","0.2727272727272727","0.2727272727272727","0.2727272727272727","0.2727272727272727","0.2727272727272727","0.2727272727272727","0.2727272727272727","0.2727272727272727","0.2727272727272727","0.2727272727272727","0.2727272727272727","0.2727272727272727","0.2727272727272727","0.2727272727272727","0.2727272727272727","0.2727272727272727","0.2727272727272727","0.2727272727272727","0.2727272727272727","0.2727272727272727","0.2727272727272727","0.2727272727272727","0.2727272727272727","0.2727272727272727","0.2727272727272727","0.2727272727272727","0.2727272727272727","0.2727272727272727","0.2727272727272727","0.2727272727272727","0.2727272727272727","0.2727272727272727","0.2727272727272727","0.2727272727272727","0.2727272727272727","0.2727272727272727","0.2727272727272727","0.2727272727272727","0.2727272727272727","0.2727272727272727","0.2727272727272727","0.2727272727272727","0.2727272727272727","0.2727272727272727","0.2727272727272727","0.2727272727272727","0.2727272727272727","0.2727272727272727","0.2727272727272727","0.2727272727272727","0.2727272727272727","0.2727272727272727","0.2727272727272727","0.2727272727272727","0.2727272727272727","0.2727272727272727","0.2727272727272727","0.2727272727272727","0.2727272727272727","0.2727272727272727","0.2727272727272727","0.2727272727272727","0.2727272727272727","0.2727272727272727","0.2727272727272727","0.2727272727272727","0.2727272727272727","0","0"
"Baseline","docstring_parser.common","1615773792997000241","203","121440441392","0.3888888888888889","2","45","0","0","0.3888888888888889","0.3888888888888889","0.3888888888888889","0.3888888888888889","0.3888888888888889","0.3888888888888889","0.3888888888888889","0.3888888888888889","0.3888888888888889","0.3888888888888889","0.3888888888888889","0.3888888888888889","0.3888888888888889","0.3888888888888889","0.3888888888888889","0.3888888888888889","0.3888888888888889","0.3888888888888889","0.3888888888888889","0.3888888888888889","0.3888888888888889","0.3888888888888889","0.3888888888888889","0.3888888888888889","0.3888888888888889","0.3888888888888889","0.3888888888888889","0.3888888888888889","0.3888888888888889","0.3888888888888889","0.3888888888888889","0.3888888888888889","0.3888888888888889","0.3888888888888889","0.3888888888888889","0.3888888888888889","0.3888888888888889","0.3888888888888889","0.3888888888888889","0.3888888888888889","0.3888888888888889","0.3888888888888889","0.3888888888888889","0.3888888888888889","0.3888888888888889","0.3888888888888889","0.3888888888888889","0.3888888888888889","0.3888888888888889","0.3888888888888889","0.3888888888888889","0.3888888888888889","0.3888888888888889","0.3888888888888889","0.3888888888888889","0.3888888888888889","0.3888888888888889","0.3888888888888889","0.3888888888888889","0.3888888888888889","0.3888888888888889","0.3888888888888889","0.3888888888888889","0.3888888888888889","0.3888888888888889","0.3888888888888889","0.3888888888888889","0.3888888888888889","0.3888888888888889","0.3888888888888889","0.3888888888888889","0.3888888888888889","0.3888888888888889","0.3888888888888889","0.3888888888888889","0.3888888888888889","0.3888888888888889","0.3888888888888889","0.3888888888888889","0.3888888888888889","0.3888888888888889","0.3888888888888889","0.3888888888888889","0.3888888888888889","0.3888888888888889","0.3888888888888889","0.3888888888888889","0.3888888888888889","0.3888888888888889","0.3888888888888889","0.3888888888888889","0.3888888888888889","0.3888888888888889","0.3888888888888889","0.3888888888888889","0.3888888888888889","0.3888888888888889","0.3888888888888889","0.3888888888888889","0.3888888888888889","0.3888888888888889","0.3888888888888889","0.3888888888888889","0.3888888888888889","0.3888888888888889","0.3888888888888889","0.3888888888888889","0.3888888888888889","0.3888888888888889","0.3888888888888889","0.3888888888888889","0.3888888888888889","0.3888888888888889","0.3888888888888889","0.3888888888888889","0.3888888888888889","0.3888888888888889","0.3888888888888889","0.3888888888888889","0.3888888888888889","2","45"
